CHR,SNP,BP,FREQ_AD,FREQ_CON,NMISS,OR_logis,L95,U95,P_logis
4,rs34058821,7666160,0.04702,0.05961,7065,0.8257,0.6849,0.9954,0.04456
4,rs35935435,7666180,0.01979,0.01644,7568,1.159,0.8507,1.579,0.3499
4,rs16840892,7716061,0.01027,0.01155,7397,0.746,0.5031,1.106,0.1448
4,rs6816604,7716932,0.0554,0.05675,7608,0.8321,0.698,0.992,0.04039
