CHR,SNP,BP,FREQ_AD,FREQ_CON,NMISS,OR_logis,L95,U95,P_logis
4,rs34058821,7666160,0.04295,0.045,954,1.274,0.7211,2.25,0.4047
4,rs35935435,7666180,0.02753,0.026,954,0.9549,0.4433,2.057,0.9061
4,rs16840892,7716061,0.009912,0.009,954,1.292,0.3206,5.204,0.7189
4,rs6816604,7716932,0.06718,0.053,954,1.197,0.7134,2.009,0.4956
