CHR,SNP,BP,FREQ_AD,FREQ_CON,NMISS,OR_logis,L95,U95,P_logis
4,rs34058821,7666160,0.04653,0.05789,8019,0.8453,0.7114,1.004,0.05604
4,rs35935435,7666180,0.02069,0.01747,8522,1.187,0.9034,1.56,0.2184
4,rs16840892,7716061,0.01022,0.01126,8351,0.7885,0.5468,1.137,0.2034
4,rs6816604,7716932,0.05675,0.05634,8562,0.896,0.7629,1.052,0.1809
